residue,avg_rmsf_all_ph
36,0.20769388888888887
37,0.14406666666666668
38,0.11325222222222221
39,0.13576888888888888
40,0.12289722222222224
41,0.13252444444444444
42,0.13201722222222223
43,0.15630444444444447
44,0.147145
45,0.12953111111111112
46,0.09277166666666667
47,0.09988444444444444
48,0.08150277777777777
49,0.08562333333333333
50,0.09059
51,0.15558777777777777
52,0.12434777777777778
53,0.16120055555555554
54,0.17783944444444444
55,0.20127277777777777
56,0.17378388888888888
57,0.2035011111111111
58,0.1775638888888889
59,0.13204666666666667
60,0.15349944444444447
61,0.08654111111111111
62,0.09983277777777777
63,0.05493666666666667
64,0.09740444444444445
65,0.1169811111111111
66,0.13394833333333334
67,0.17171055555555556
68,0.28448166666666663
69,0.18946777777777776
70,0.15309055555555556
71,0.11717277777777776
72,0.12360833333333332
73,0.0754011111111111
74,0.08039111111111112
75,0.12624944444444444
76,0.1582138888888889
77,0.14339722222222223
78,0.11929444444444444
79,0.09798277777777778
80,0.11408722222222223
81,0.12970055555555557
82,0.14855222222222222
83,0.09765444444444443
84,0.15401
85,0.15920388888888887
86,0.10622222222222222
87,0.08886666666666666
88,0.126815
89,0.09034944444444444
90,0.11802722222222223
91,0.1258511111111111
92,0.105855
93,0.08181055555555555
94,0.06916222222222222
95,0.11043277777777777
96,0.08780611111111111
97,0.12331666666666667
98,0.13873277777777776
99,0.10735555555555557
100,0.12150222222222223
101,0.13249111111111112
102,0.12271833333333333
103,0.09934944444444443
104,0.11115166666666666
105,0.10511333333333334
106,0.1447888888888889
107,0.07955333333333334
108,0.11170888888888889
109,0.06948055555555556
110,0.100155
111,0.09442833333333334
112,0.11768888888888888
113,0.1462077777777778
114,0.19180333333333333
115,0.22713055555555556
116,0.33919944444444444
117,0.32557166666666665
118,0.2385377777777778
119,0.21769611111111112
120,0.17790055555555556
121,0.1440172222222222
122,0.13839333333333334
123,0.13303444444444443
124,0.10545833333333333
125,0.10932777777777777
126,0.09535388888888889
127,0.11567055555555555
128,0.10097444444444445
129,0.14978944444444442
130,0.12072111111111111
131,0.14038222222222224
132,0.12987277777777778
133,0.12214055555555557
134,0.10947666666666667
135,0.12034333333333334
136,0.13140166666666667
137,0.09889833333333334
138,0.11011722222222223
139,0.09195333333333333
140,0.14103444444444443
141,0.094245
142,0.10909277777777777
143,0.14446722222222222
144,0.14653
145,0.13234444444444446
146,0.17405833333333331
147,0.15221055555555557
148,0.15246888888888888
149,0.14722277777777779
150,0.135165
151,0.10728722222222223
152,0.130165
153,0.08613333333333334
154,0.138725
155,0.08339277777777777
156,0.14098888888888889
157,0.11191777777777778
158,0.18074944444444446
159,0.13594333333333333
160,0.11863222222222222
161,0.1484488888888889
162,0.1330011111111111
163,0.12247000000000001
164,0.10649666666666667
165,0.13156500000000002
166,0.08366833333333333
167,0.07486333333333334
168,0.05989055555555556
169,0.08018944444444445
170,0.08374055555555555
171,0.10831777777777779
172,0.11276666666666665
173,0.11928055555555556
174,0.12653277777777777
175,0.08636555555555556
176,0.12612944444444443
177,0.14745
178,0.1626211111111111
179,0.16580166666666668
180,0.2560077777777778
181,0.20805833333333335
182,0.16915388888888888
183,0.1395211111111111
184,0.19857055555555556
185,0.12413944444444443
186,0.10526055555555555
187,0.1440811111111111
188,0.10684722222222223
189,0.11811944444444444
190,0.09256388888888889
191,0.11886666666666668
192,0.10413944444444444
193,0.11399888888888889
194,0.10359
195,0.14527444444444443
196,0.11796388888888891
197,0.08418166666666665
198,0.09973888888888889
199,0.07520944444444444
200,0.1309938888888889
201,0.09117277777777778
202,0.14466222222222222
203,0.13656777777777776
204,0.11643222222222221
205,0.12279666666666667
206,0.16625888888888887
207,0.15578444444444445
208,0.10251777777777778
209,0.11622944444444444
210,0.09744833333333333
211,0.1213788888888889
212,0.06840222222222221
213,0.06889277777777778
214,0.061862777777777773
215,0.08527777777777777
216,0.08181777777777778
217,0.10808833333333334
218,0.111175
219,0.1396888888888889
220,0.13606833333333335
221,0.11281777777777778
222,0.12841055555555556
223,0.1357738888888889
224,0.10540444444444445
225,0.09457555555555557
226,0.11399944444444444
227,0.10385666666666665
228,0.129085
229,0.1455988888888889
230,0.10897944444444445
231,0.1496127777777778
232,0.13256666666666667
233,0.18699555555555555
