residue,avg_sasa_all_ph
36,1.5311499999999998
37,0.8957444444444445
38,0.33897222222222223
39,0.8703555555555555
40,0.08730555555555555
41,0.5242
42,0.2626611111111111
43,1.5528944444444446
44,1.0719444444444446
45,0.7824333333333333
46,0.047461111111111114
47,0.8060833333333333
48,0.0016888888888888889
49,0.3894777777777778
50,0.10626666666666666
51,1.5715111111111113
52,0.23065
53,1.1474666666666666
54,1.000038888888889
55,1.5176888888888889
56,0.6458388888888889
57,1.4403
58,0.8814777777777778
59,0.1739888888888889
60,1.1405166666666666
61,0.08974444444444445
62,0.2604944444444445
63,0.0017833333333333336
64,0.3146555555555556
65,0.4726777777777778
66,0.5481833333333334
67,0.5141555555555555
68,2.705688888888889
69,1.0035222222222222
70,0.813288888888889
71,0.5676277777777777
72,0.8200222222222222
73,0.004116666666666667
74,0.2742944444444444
75,0.83165
76,1.2536166666666668
77,1.0950222222222221
78,0.7163166666666667
79,0.2606833333333333
80,0.5220555555555556
81,0.5449888888888889
82,1.0662666666666667
83,0.11057222222222222
84,1.2843166666666666
85,1.4601111111111111
86,0.5464666666666667
87,0.09215555555555556
88,0.7746777777777778
89,0.5067944444444444
90,0.8303388888888888
91,1.1082555555555555
92,0.2725944444444444
93,0.3757388888888889
94,0.0008611111111111112
95,0.6950777777777778
96,0.0026999999999999997
97,0.7843666666666667
98,0.8620722222222222
99,0.0006000000000000001
100,0.41095
101,1.0098833333333335
102,0.972261111111111
103,0.08911666666666668
104,0.34591666666666665
105,0.23425555555555555
106,1.1937777777777778
107,0.004344444444444444
108,0.678711111111111
109,0.010627777777777778
110,0.2683222222222222
111,0.03341666666666667
112,0.18758333333333332
113,0.12128333333333334
114,0.8277388888888889
115,0.5364555555555556
116,1.8192611111111114
117,1.7800777777777776
118,0.4674277777777778
119,1.2756055555555554
120,0.7735944444444445
121,0.9912833333333333
122,0.6712222222222223
123,1.0066333333333333
124,0.3599
125,0.4627666666666667
126,0.05631666666666667
127,0.2674944444444444
128,0.009527777777777777
129,0.8114777777777777
130,0.07612777777777778
131,0.37228333333333335
132,0.05508333333333334
133,0.28141666666666665
134,0.028544444444444445
135,0.37298888888888887
136,1.0065333333333333
137,0.06985000000000001
138,0.6912333333333334
139,0.12612222222222222
140,1.1054777777777778
141,0.1927111111111111
142,0.47546111111111117
143,0.9851555555555556
144,0.7335277777777778
145,0.10682777777777779
146,1.2489277777777776
147,0.5463499999999999
148,0.5163833333333333
149,0.5784055555555556
150,0.9181777777777778
151,0.10459444444444445
152,0.7590722222222221
153,0.0025833333333333333
154,1.1435666666666666
155,0.02526666666666667
156,0.9106222222222221
157,0.17174999999999999
158,1.9222277777777776
159,0.7063611111111111
160,0.1390888888888889
161,0.7287222222222223
162,0.6592111111111111
163,0.876
164,0.08914444444444444
165,0.7804055555555556
166,0.13462222222222223
167,0.2562055555555556
168,0.004416666666666667
169,0.23192777777777776
170,0.10285
171,0.7329333333333333
172,0.62495
173,0.976438888888889
174,1.3034444444444444
175,0.03052777777777778
176,0.6828888888888889
177,0.8777222222222222
178,0.8097
179,0.5032222222222222
180,2.165966666666667
181,1.4089333333333331
182,0.3831777777777778
183,0.30680555555555555
184,1.7461166666666665
185,0.2926388888888889
186,0.10062222222222222
187,1.111038888888889
188,0.13471111111111111
189,0.6810111111111111
190,0.14757777777777778
191,0.8184166666666666
192,0.21735000000000002
193,0.7128277777777777
194,0.2848722222222222
195,1.5088277777777777
196,0.8223444444444444
197,0.0009111111111111112
198,0.2943777777777778
199,0.001877777777777778
200,0.60105
201,0.0066166666666666665
202,0.7801722222222222
203,0.7406944444444444
204,0.028566666666666667
205,0.33919444444444447
206,1.3554222222222223
207,1.3401277777777778
208,0.01845
209,0.38489444444444443
210,0.05416111111111112
211,0.7219333333333333
212,0.0056055555555555555
213,0.13946111111111112
214,0.0007888888888888889
215,0.09368888888888888
216,0.0007333333333333333
217,1.105038888888889
218,0.17926111111111112
219,1.09525
220,0.43792777777777775
221,0.1554611111111111
222,1.2876388888888888
223,1.2385833333333334
224,1.257011111111111
225,0.09658333333333333
226,1.1194166666666667
227,0.36389444444444446
228,0.9753888888888889
229,1.4899833333333334
230,0.006061111111111111
231,0.8893388888888888
232,0.08195555555555556
233,1.1401777777777777
