residue,SEQ,residue_pi,SCORE,avg_rmsf_all_ph,delta_rmsf,avg_sasa_all_ph,delta_sasa
36,Q,5.65,2.077,0.20769388888888887,0.08032999999999998,1.5311499999999998,0.3528
37,V,5.96,1.568,0.14406666666666668,0.02133500000000002,0.8957444444444445,0.0754999999999999
38,V,5.96,-0.943,0.11325222222222221,0.016960000000000017,0.33897222222222223,0.06864999999999999
39,T,5.6,0.662,0.13576888888888888,0.023934999999999984,0.8703555555555555,0.022249999999999992
40,A,6.0,-0.892,0.12289722222222224,0.021140000000000006,0.08730555555555555,0.012450000000000003
41,V,5.96,0.82,0.13252444444444444,0.025770000000000015,0.5242,0.04389999999999994
42,E,3.22,-1.242,0.13201722222222223,0.026660000000000003,0.2626611111111111,0.044149999999999995
43,Y,5.66,0.271,0.15630444444444447,0.020735000000000003,1.5528944444444446,0.06974999999999998
44,Q,5.65,0.675,0.147145,0.020199999999999996,1.0719444444444446,0.04389999999999983
45,E,3.22,-0.151,0.12953111111111112,0.024065000000000003,0.7824333333333333,0.28484999999999994
46,A,6.0,-0.333,0.09277166666666667,0.00788499999999999,0.047461111111111114,0.023649999999999997
47,I,6.02,-0.275,0.09988444444444444,0.008215,0.8060833333333333,0.04809999999999992
48,L,5.98,-1.176,0.08150277777777777,0.009965000000000002,0.0016888888888888889,0.0020499999999999997
49,A,6.0,-0.655,0.08562333333333333,0.010955000000000006,0.3894777777777778,0.12220000000000003
50,C,5.07,-1.413,0.09059,0.016774999999999998,0.10626666666666666,0.07369999999999997
51,K,9.74,0.813,0.15558777777777777,0.05041000000000001,1.5715111111111113,0.24324999999999997
52,T,5.6,-0.629,0.12434777777777778,0.025064999999999976,0.23065,0.13245
53,P,6.3,-0.598,0.16120055555555554,0.029565000000000008,1.1474666666666666,0.3408500000000001
54,K,9.74,-0.662,0.17783944444444444,0.023755,1.000038888888889,0.5337000000000001
55,K,9.74,0.238,0.20127277777777777,0.09655000000000002,1.5176888888888889,1.0953999999999997
56,T,5.6,-0.27,0.17378388888888888,0.04297500000000001,0.6458388888888889,0.31175
57,V,5.96,1.569,0.2035011111111111,0.05815999999999999,1.4403,0.42244999999999977
58,S,5.68,0.258,0.1775638888888889,0.03856000000000001,0.8814777777777778,0.26905
59,S,5.68,-0.4,0.13204666666666667,0.02764499999999999,0.1739888888888889,0.3116499999999999
60,R,10.76,-1.424,0.15349944444444447,0.04833499999999999,1.1405166666666666,0.49139999999999984
61,L,5.98,-0.83,0.08654111111111111,0.022179999999999978,0.08974444444444445,0.06925
62,E,3.22,-1.416,0.09983277777777777,0.017330000000000012,0.2604944444444445,0.2823
63,W,5.89,-1.352,0.05493666666666667,0.005629999999999996,0.0017833333333333336,0.0032500000000000003
64,K,9.74,-1.446,0.09740444444444445,0.012774999999999995,0.3146555555555556,0.07645000000000007
65,K,9.74,-1.187,0.1169811111111111,0.01477500000000001,0.4726777777777778,0.05770000000000003
66,L,5.98,0.348,0.13394833333333334,0.026369999999999977,0.5481833333333334,0.26105
67,G,5.97,0.221,0.17171055555555556,0.024705000000000005,0.5141555555555555,0.06524999999999997
68,R,10.76,0.745,0.28448166666666663,0.05027000000000004,2.705688888888889,0.1570999999999998
69,S,5.68,0.526,0.18946777777777776,0.025650000000000006,1.0035222222222222,0.1510999999999999
70,V,5.96,-0.468,0.15309055555555556,0.022249999999999992,0.813288888888889,0.08695000000000008
71,S,5.68,-0.32,0.11717277777777776,0.01708499999999999,0.5676277777777777,0.08604999999999996
72,F,5.48,-0.128,0.12360833333333332,0.01355000000000002,0.8200222222222222,0.05249999999999999
73,V,5.96,-1.034,0.0754011111111111,0.009239999999999998,0.004116666666666667,0.004150000000000001
74,Y,5.66,-0.267,0.08039111111111112,0.010719999999999993,0.2742944444444444,0.03574999999999995
75,Y,5.66,0.284,0.12624944444444444,0.015715000000000007,0.83165,0.06769999999999998
76,Q,5.65,0.894,0.1582138888888889,0.025675000000000003,1.2536166666666668,0.11210000000000009
77,Q,5.65,0.783,0.14339722222222223,0.03178499999999998,1.0950222222222221,0.37575000000000003
78,T,5.6,1.673,0.11929444444444444,0.014000000000000012,0.7163166666666667,0.05580000000000007
79,L,5.98,0.056,0.09798277777777778,0.01693,0.2606833333333333,0.05389999999999995
80,Q,5.65,-0.3,0.11408722222222223,0.014010000000000009,0.5220555555555556,0.05280000000000007
81,G,5.97,0.42,0.12970055555555557,0.02780500000000001,0.5449888888888889,0.09100000000000003
82,D,2.77,0.68,0.14855222222222222,0.028914999999999996,1.0662666666666667,0.2762499999999999
83,F,5.48,-0.585,0.09765444444444443,0.01631500000000001,0.11057222222222222,0.04735
84,K,9.74,0.627,0.15401,0.031389999999999973,1.2843166666666666,0.10629999999999984
85,N,5.41,0.934,0.15920388888888887,0.023104999999999987,1.4601111111111111,0.15680000000000027
86,R,10.76,-1.426,0.10622222222222222,0.015030000000000002,0.5464666666666667,0.11254999999999993
87,A,6.0,-1.071,0.08886666666666666,0.014174999999999993,0.09215555555555556,0.0469
88,E,3.22,0.927,0.126815,0.013700000000000004,0.7746777777777778,0.23914999999999997
89,M,5.74,0.067,0.09034944444444444,0.012484999999999996,0.5067944444444444,0.07110000000000005
90,I,6.02,1.117,0.11802722222222223,0.008670000000000011,0.8303388888888888,0.14944999999999997
91,D,2.77,0.056,0.1258511111111111,0.021040000000000003,1.1082555555555555,0.26454999999999984
92,F,5.48,-0.469,0.105855,0.025019999999999987,0.2725944444444444,0.24145000000000003
93,N,5.41,-0.611,0.08181055555555555,0.007535,0.3757388888888889,0.057999999999999996
94,I,6.02,-0.778,0.06916222222222222,0.014764999999999993,0.0008611111111111112,0.00105
95,R,10.76,0.058,0.11043277777777777,0.014420000000000016,0.6950777777777778,0.07619999999999993
96,I,6.02,-0.792,0.08780611111111111,0.006404999999999994,0.0026999999999999997,0.0033
97,K,9.74,1.634,0.12331666666666667,0.009160000000000001,0.7843666666666667,0.11855000000000004
98,N,5.41,-0.641,0.13873277777777776,0.015410000000000007,0.8620722222222222,0.08050000000000002
99,V,5.96,-0.851,0.10735555555555557,0.016100000000000003,0.0006000000000000001,0.00125
100,T,5.6,-1.213,0.12150222222222223,0.021910000000000013,0.41095,0.06865000000000004
101,R,10.76,-1.157,0.13249111111111112,0.030454999999999982,1.0098833333333335,0.055400000000000005
102,S,5.68,0.506,0.12271833333333333,0.023254999999999998,0.972261111111111,0.050000000000000044
103,D,2.77,-1.453,0.09934944444444443,0.013830000000000009,0.08911666666666668,0.03895
104,A,6.0,-0.481,0.11115166666666666,0.018445000000000003,0.34591666666666665,0.05560000000000004
105,G,5.97,-1.124,0.10511333333333334,0.019489999999999993,0.23425555555555555,0.018750000000000017
106,K,9.74,2.044,0.1447888888888889,0.019690000000000013,1.1937777777777778,0.04060000000000019
107,Y,5.66,-1.366,0.07955333333333334,0.008085000000000009,0.004344444444444444,0.004199999999999999
108,R,10.76,-0.775,0.11170888888888889,0.014590000000000006,0.678711111111111,0.17774999999999996
109,C,5.07,-1.417,0.06948055555555556,0.012060000000000015,0.010627777777777778,0.01855
110,E,3.22,-1.278,0.100155,0.024125000000000008,0.2683222222222222,0.15754999999999997
111,V,5.96,-1.267,0.09442833333333334,0.014075000000000018,0.03341666666666667,0.0426
112,S,5.68,-0.68,0.11768888888888888,0.018960000000000032,0.18758333333333332,0.1302
113,A,6.0,-0.754,0.1462077777777778,0.016699999999999993,0.12128333333333334,0.1231
114,P,6.3,1.589,0.19180333333333333,0.032789999999999986,0.8277388888888889,0.3013000000000001
115,S,5.68,1.984,0.22713055555555556,0.031690000000000024,0.5364555555555556,0.10019999999999996
116,E,3.22,-0.756,0.33919944444444444,0.050985,1.8192611111111114,0.053649999999999975
117,Q,5.65,0.969,0.32557166666666665,0.03694999999999998,1.7800777777777776,0.12555000000000005
118,G,5.97,-0.685,0.2385377777777778,0.029609999999999997,0.4674277777777778,0.09939999999999993
119,Q,5.65,-0.073,0.21769611111111112,0.04486999999999999,1.2756055555555554,0.3247
120,N,5.41,1.478,0.17790055555555556,0.018274999999999986,0.7735944444444445,0.2218500000000001
121,L,5.98,0.03,0.1440172222222222,0.02812500000000001,0.9912833333333333,0.19674999999999987
122,E,3.22,0.166,0.13839333333333334,0.019504999999999995,0.6712222222222223,0.2077
123,E,3.22,-0.97,0.13303444444444443,0.01754499999999999,1.0066333333333333,0.09240000000000004
124,D,2.77,-0.167,0.10545833333333333,0.01855999999999998,0.3599,0.24810000000000004
125,T,5.6,0.745,0.10932777777777777,0.019244999999999998,0.4627666666666667,0.06970000000000004
126,V,5.96,-0.768,0.09535388888888889,0.011255000000000015,0.05631666666666667,0.029200000000000004
127,T,5.6,0.526,0.11567055555555555,0.019650000000000015,0.2674944444444444,0.07924999999999999
128,L,5.98,-1.13,0.10097444444444445,0.013369999999999993,0.009527777777777777,0.010950000000000001
129,E,3.22,0.338,0.14978944444444442,0.030555,0.8114777777777777,0.07155
130,V,5.96,-1.233,0.12072111111111111,0.022455000000000017,0.07612777777777778,0.018600000000000005
131,L,5.98,-0.635,0.14038222222222224,0.030365000000000003,0.37228333333333335,0.07150000000000001
132,V,5.96,-1.459,0.12987277777777778,0.026360000000000022,0.05508333333333334,0.040850000000000004
133,A,6.0,-0.819,0.12214055555555557,0.022675,0.28141666666666665,0.10395000000000001
134,P,6.3,-1.219,0.10947666666666667,0.014485000000000012,0.028544444444444445,0.015999999999999997
135,A,6.0,-0.456,0.12034333333333334,0.02026499999999999,0.37298888888888887,0.1179
136,V,5.96,0.575,0.13140166666666667,0.029384999999999994,1.0065333333333333,0.1855500000000001
137,P,6.3,-1.435,0.09889833333333334,0.013579999999999981,0.06985000000000001,0.0379
138,S,5.68,0.32,0.11011722222222223,0.010055000000000022,0.6912333333333334,0.09405000000000008
139,C,5.07,-0.949,0.09195333333333333,0.01551000000000001,0.12612222222222222,0.035999999999999976
140,E,3.22,0.462,0.14103444444444443,0.023474999999999996,1.1054777777777778,0.24485
141,V,5.96,-0.796,0.094245,0.01684999999999999,0.1927111111111111,0.053899999999999976
142,P,6.3,-1.435,0.10909277777777777,0.015425000000000008,0.47546111111111117,0.029400000000000037
143,S,5.68,0.056,0.14446722222222222,0.027329999999999993,0.9851555555555556,0.09930000000000017
144,S,5.68,-0.927,0.14653,0.024880000000000013,0.7335277777777778,0.1701499999999999
145,A,6.0,-0.972,0.13234444444444446,0.022955000000000017,0.10682777777777779,0.09235
146,L,5.98,-0.911,0.17405833333333331,0.030945,1.2489277777777776,0.2120000000000002
147,S,5.68,-0.904,0.15221055555555557,0.033280000000000004,0.5463499999999999,0.24559999999999998
148,G,5.97,-1.31,0.15246888888888888,0.029620000000000007,0.5163833333333333,0.1770000000000001
149,T,5.6,-0.193,0.14722277777777779,0.02729999999999999,0.5784055555555556,0.125
150,V,5.96,0.866,0.135165,0.02809500000000001,0.9181777777777778,0.15329999999999988
151,V,5.96,-0.804,0.10728722222222223,0.02441499999999998,0.10459444444444445,0.0595
152,E,3.22,0.119,0.130165,0.02372500000000001,0.7590722222222221,0.28254999999999986
153,L,5.98,-1.133,0.08613333333333334,0.008930000000000007,0.0025833333333333333,0.0055
154,R,10.76,0.362,0.138725,0.046830000000000024,1.1435666666666666,0.21415000000000006
155,C,5.07,-1.417,0.08339277777777777,0.011509999999999992,0.02526666666666667,0.033350000000000005
156,Q,5.65,1.074,0.14098888888888889,0.026110000000000022,0.9106222222222221,0.25054999999999994
157,D,2.77,-1.248,0.11191777777777778,0.01580999999999999,0.17174999999999999,0.1319
158,K,9.74,1.083,0.18074944444444446,0.027404999999999985,1.9222277777777776,0.07755000000000001
159,E,3.22,-0.273,0.13594333333333333,0.021069999999999978,0.7063611111111111,0.1833999999999999
160,G,5.97,-1.004,0.11863222222222222,0.01827000000000001,0.1390888888888889,0.014850000000000002
161,N,5.41,-0.425,0.1484488888888889,0.027889999999999998,0.7287222222222223,0.1331000000000001
162,P,6.3,-1.435,0.1330011111111111,0.027155000000000012,0.6592111111111111,0.050449999999999995
163,A,6.0,0.207,0.12247000000000001,0.01686,0.876,0.06935000000000002
164,P,6.3,-0.614,0.10649666666666667,0.012700000000000003,0.08914444444444444,0.02139999999999999
165,E,3.22,0.117,0.13156500000000002,0.010614999999999986,0.7804055555555556,0.14960000000000007
166,Y,5.66,-1.164,0.08366833333333333,0.011789999999999995,0.13462222222222223,0.0508
167,T,5.6,0.67,0.07486333333333334,0.014995000000000008,0.2562055555555556,0.1415
168,W,5.89,-1.355,0.05989055555555556,0.008619999999999989,0.004416666666666667,0.007449999999999999
169,F,5.48,-0.035,0.08018944444444445,0.009045000000000011,0.23192777777777776,0.05454999999999999
170,K,9.74,-0.686,0.08374055555555555,0.013319999999999999,0.10285,0.16475
171,D,2.77,-0.804,0.10831777777777779,0.01033000000000002,0.7329333333333333,0.06804999999999994
172,G,5.97,0.122,0.11276666666666665,0.007305000000000006,0.62495,0.061900000000000066
173,I,6.02,0.934,0.11928055555555556,0.014185000000000003,0.976438888888889,0.39190000000000014
174,R,10.76,1.223,0.12653277777777777,0.042215,1.3034444444444444,0.38025
175,L,5.98,-0.481,0.08636555555555556,0.009830000000000005,0.03052777777777778,0.027350000000000006
176,L,5.98,0.512,0.12612944444444443,0.017335000000000017,0.6828888888888889,0.26250000000000007
177,E,3.22,2.917,0.14745,0.02690999999999999,0.8777222222222222,0.3882
178,N,5.41,0.083,0.1626211111111111,0.02973999999999999,0.8097,0.17189999999999994
179,P,6.3,-0.369,0.16580166666666668,0.04493,0.5032222222222222,0.42564999999999986
180,R,10.76,0.303,0.2560077777777778,0.06939500000000001,2.165966666666667,0.1956500000000001
181,L,5.98,0.951,0.20805833333333335,0.09748500000000004,1.4089333333333331,0.6575499999999999
182,G,5.97,1.074,0.16915388888888888,0.03320999999999999,0.3831777777777778,0.2051
183,S,5.68,1.403,0.1395211111111111,0.025775000000000006,0.30680555555555555,0.22109999999999996
184,Q,5.65,0.979,0.19857055555555556,0.037635,1.7461166666666665,0.30279999999999996
185,S,5.68,0.523,0.12413944444444443,0.03469,0.2926388888888889,0.20375000000000004
186,T,5.6,1.227,0.10526055555555555,0.013724999999999987,0.10062222222222222,0.08835
187,N,5.41,-1.301,0.1440811111111111,0.03555000000000001,1.111038888888889,0.43235
188,S,5.68,-0.418,0.10684722222222223,0.022245,0.13471111111111111,0.13555
189,S,5.68,-0.791,0.11811944444444444,0.015165000000000012,0.6810111111111111,0.32204999999999995
190,Y,5.66,-1.095,0.09256388888888889,0.008934999999999998,0.14757777777777778,0.1336
191,T,5.6,0.253,0.11886666666666668,0.01848000000000001,0.8184166666666666,0.07219999999999993
192,M,5.74,1.346,0.10413944444444444,0.02096000000000002,0.21735000000000002,0.08124999999999999
193,N,5.41,-0.528,0.11399888888888889,0.012994999999999993,0.7128277777777777,0.030349999999999988
194,T,5.6,2.626,0.10359,0.009099999999999997,0.2848722222222222,0.1365
195,K,9.74,2.36,0.14527444444444443,0.015829999999999983,1.5088277777777777,0.17994999999999983
196,T,5.6,-0.424,0.11796388888888891,0.01927000000000001,0.8223444444444444,0.09404999999999997
197,G,5.97,-1.37,0.08418166666666665,0.012130000000000002,0.0009111111111111112,0.00165
198,T,5.6,0.102,0.09973888888888889,0.022155000000000008,0.2943777777777778,0.27585000000000004
199,L,5.98,-1.315,0.07520944444444444,0.013864999999999988,0.001877777777777778,0.00485
200,Q,5.65,0.675,0.1309938888888889,0.01875499999999998,0.60105,0.07234999999999991
201,F,5.48,-0.986,0.09117277777777778,0.016704999999999998,0.0066166666666666665,0.011200000000000002
202,N,5.41,0.482,0.14466222222222222,0.028469999999999995,0.7801722222222222,0.3558
203,T,5.6,0.412,0.13656777777777776,0.031049999999999994,0.7406944444444444,0.21189999999999998
204,V,5.96,-0.774,0.11643222222222221,0.024629999999999985,0.028566666666666667,0.0323
205,S,5.68,0.19,0.12279666666666667,0.02601500000000001,0.33919444444444447,0.19379999999999997
206,K,9.74,-0.693,0.16625888888888887,0.028415000000000024,1.3554222222222223,0.0827
207,L,5.98,1.606,0.15578444444444445,0.01685500000000001,1.3401277777777778,0.3053499999999998
208,D,2.77,-1.388,0.10251777777777778,0.02392000000000001,0.01845,0.0756
209,T,5.6,0.128,0.11622944444444444,0.012175000000000005,0.38489444444444443,0.23919999999999997
210,G,5.97,-1.064,0.09744833333333333,0.013020000000000004,0.05416111111111112,0.0854
211,E,3.22,0.335,0.1213788888888889,0.009205000000000005,0.7219333333333333,0.19834999999999992
212,Y,5.66,-1.366,0.06840222222222221,0.009539999999999993,0.0056055555555555555,0.01955
213,S,5.68,0.839,0.06889277777777778,0.006334999999999993,0.13946111111111112,0.04275000000000001
214,C,5.07,-1.417,0.061862777777777773,0.003794999999999993,0.0007888888888888889,0.0036499999999999996
215,E,3.22,-0.354,0.08527777777777777,0.009529999999999997,0.09368888888888888,0.06659999999999999
216,A,6.0,-1.338,0.08181777777777778,0.011679999999999996,0.0007333333333333333,0.00245
217,R,10.76,1.201,0.10808833333333334,0.03289,1.105038888888889,0.11485000000000012
218,N,5.41,-1.46,0.111175,0.027340000000000003,0.17926111111111112,0.04300000000000001
219,S,5.68,1.249,0.1396888888888889,0.030675000000000008,1.09525,0.06315000000000026
220,V,5.96,-0.647,0.13606833333333335,0.03496000000000002,0.43792777777777775,0.04280000000000006
221,G,5.97,-1.427,0.11281777777777778,0.02632000000000001,0.1554611111111111,0.023899999999999977
222,Y,5.66,1.703,0.12841055555555556,0.016829999999999984,1.2876388888888888,0.24499999999999988
223,R,10.76,-0.113,0.1357738888888889,0.027244999999999978,1.2385833333333334,0.15694999999999992
224,R,10.76,-0.306,0.10540444444444445,0.015490000000000004,1.257011111111111,0.06779999999999986
225,C,5.07,-1.039,0.09457555555555557,0.011550000000000005,0.09658333333333333,0.050499999999999975
226,P,6.3,2.552,0.11399944444444444,0.014694999999999986,1.1194166666666667,0.05174999999999996
227,G,5.97,0.522,0.10385666666666665,0.013359999999999997,0.36389444444444446,0.05009999999999998
228,K,9.74,-0.114,0.129085,0.014509999999999981,0.9753888888888889,0.1292500000000001
229,R,10.76,0.873,0.1455988888888889,0.031005000000000005,1.4899833333333334,0.3537499999999998
230,M,5.74,-1.095,0.10897944444444445,0.00878000000000001,0.006061111111111111,0.023400000000000004
231,Q,5.65,-0.167,0.1496127777777778,0.028700000000000003,0.8893388888888888,0.28794999999999993
232,V,5.96,-0.987,0.13256666666666667,0.02246000000000002,0.08195555555555556,0.1404
233,D,2.77,0.271,0.18699555555555555,0.04013,1.1401777777777777,0.20920000000000005
